	id	text	label	word
0	1592448627703971840	@JanJohansson101 @Budda_Jansson R√§cker v√§l du g√•tt 40 po√§ng genusvetenskap p√• S√∂dert√∂rn s√• kan den som √§r f√∂dd kvinna som blivit gravid magiskt üßô p√•st√•r att hon √§r en man pl√∂tslig üòÇ	1	genusvetenskap
1	1569056301807796228	@Magnusbetner Finns det hj√§rteland finns det stj√§rteland	0	hj√§rteland
2	1514006129478672392	@KatarinaJohans8 g√•r vi in i Nato s√• hj√§lper vi helt klart till att indirekt bygga upp sverige som en exceptionellt kompatibel koloni till USA,s√• att deepstate kan hinna med att forma sitt globala kolonialstatliga-hj√§rteland,som d√• m√∂jligg√∂r ett globalt-h√§rskande/ett v√§rldsherrav√§lde - enligt	1	hj√§rteland
3	1572653232891240449	@jonasgladnikoff Finns det hj√§rteland‚Ä¶	0	hj√§rteland
4	1592416325120708608	@angryswede777 @HerrFlax @baloo_bjornen I Sverige √§r du automatiskt rasist om du √§r nationalist enligt v√§nstern.	1	nationalist
5	1592784852503629826	@ErenmalmLeo Ja, helt obegripligt att folk inte ser charmen och den vetenskapliga stringensen i genusvetenskap, emotionellt bottnad energipolitik, vurmen f√∂r antisekularism, problematiserandet av n√•got s√• diffust som k√∂n och den principl√∂shet som genomsyrar hela j√§mlikhetsbegreppet.	1	genusvetenskap
6	1592573231881682944	Kanske Akilov √§r kurdisk PKK nationalist? Det kan f√∂rklara kopplingen/ transaktionerna fr√•n familjen N√ºjen som √§r aktiva PKK nationalister. Akilov hade planerat l√•tsas vara ISIS. H√§r en artikel fr√•n aug 2015, av √ñzz N√ºjen, 18 m√•nader innan terrorbrottet.  expressen.se/kultur/ozz-nuj‚Ä¶	0	nationalist
7	1592173055534563328	"""Om s√•dant som triggervarningar och studenters f√∂rv√§ntningar p√• spr√•kbruk h√•lls det regelbundna seminarier."" @RebeccaSelberg, docent i sociologi och genusvetenskap vid Lunds universitet, om ministerns aviserade granskning av cancelkultur p√• universiteten. sydsvenskan.se/2022-11-14/min‚Ä¶"	0	genusvetenskap
8	1544243929650024448	@junewetter De jag skrev betyder dock v√§ldigt mycket f√∂r en annanü•∞ S√• hj√§rteland var n√•got nytt och ok√§nt (s√• kanske man kan beskriva,men ja du har r√§tt,k√§nns mer amerikanskt √§n norskt ü§£)	0	hj√§rteland
9	1565197903869657088	I (S) hj√§rteland -Sk√§ggetorp, Rinkeby, Vivalla, Tj√§rna √Ñngar- tar man mera troligt kniven och skjutvapnet med till skolan, skolan som f√•r 50% MER i skolpeng... dn.se/ledare/arvid-a‚Ä¶	0	hj√§rteland
10	1592796363137650688	@ErenmalmLeo Vad r√§knas som h√∂gutbildad och l√•gutbildad?  R√§knas genusvetenskap som h√∂gutbildning?  Eller menar du alla de program som √§r beroende av staten f√∂r pengar n√§r de ska b√∂rja jobba???	0	genusvetenskap
11	1592287091983265793	@nationalist_17 @YekbunAlp Hahahaha √•h harre, jag hoppas att du inte tror p√• det sj√§lv utan bara f√∂rs√∂ker driva NATO-propaganda, annars √§r det ju fan synd om dig	2	nationalist
12	1566028082187755522	@Hkan @ulrikagood Det √§r inte bara i hj√§rtelandet en falukorv g√•r hem. Finns det hj√§rteland s√• finns det‚Ä¶ üò¨ #f√§b‚Ä¶	0	hj√§rteland
13	1592647657381834752	@Fladderpuck Lite som med nationalist/patriot. Jag har aldrig sett p√• mig sj√§lv som nationalist trots att jag √§lskar Sverige	0	nationalist
14	1592426765187952642	"@holm_dr @UlfBjereld @victorsmalm √Ñr du bekant med den engelska termen f√∂r ""genusvetenskap""? Den √§r betydligt med adekvat."	0	genusvetenskap
15	1589962234561978369	@legionmint Hur √§r det. G√•r det att resa in i USA med en g√§llande villkorlig dom utan vidare? De torde v√§l f√• g√∂ra n√•gon typ av undantag om v√•r Vice statsminister √∂nskar resa till ett riktigt hj√§rteland?	0	hj√§rteland
16	1562806161854054406	@vingadeyeliner Helt klart hj√§rteland, mitt i den sk√•nska myllan.	0	hj√§rteland
17	1592555266037391363	@ars_gravitatis @kwasbeb @ApplePodcasts Nej, det sade hon inte. Hon sa att Hitler inte var nationalist f√∂r att han m√∂rdade sin egen befolkning och hon anser Hitler vara en galning. R√§tt ska vara r√§tt.	0	nationalist
18	1510662513523834880	@LenaHansson130 hj√§rteland inneb√§r komplotten som de h√∂gra r√∂relserna startar f√∂r att s√§tta bygget av herrav√§ldet p√• bekostnad av folkets demokratiska r√§ttigheter(tom vad man ska g√∂ra f√∂r att f√• folkets r√∂st betydelsel√∂s&amp;r√∂str√§tt att inte p√•verka n√•gra fler nyval !	1	hj√§rteland
19	1592237364231147520	@Ekenskis Om√∂jligt vara nationalist p√• 2000-talet och samtidigt inte vara dilettant ocks√•.	0	nationalist
20	1592286950324854784	@mariasunflower Man trodde att folk slutade vara snorungar n√§r de blev vuxna men tydligen inte. N√•gon hade studerat genusvetenskap och beklagade sig √∂ver att samh√§llet inte s√•g till att varenda tjej har r√•d med en stor tv√•a i Stockholms innerstad üòÇ	0	genusvetenskap
21	1591474836941205505	@Sadribeh @TonySjoberg1 Att tills√§tta en nyexaminerad jurist med extra po√§ng i genusvetenskap men utan n√•gon som helst erfarenhet av arbetsliv och brottslighet √§r ju s√• mycket b√§ttre. ü§°	1	genusvetenskap
22	1592278286687928320	"@nationalist_17 @YekbunAlp ""Polisf√∂rh√∂r"" i Turkiet brukar komma fram till det MIT tycker att dom ska komma fram till. Dom har verktyg f√∂r s√•nt, vet du v√§l."	2	nationalist
23	1573312577341456385	@spookulv V√§rre kommer det bli i Uffes hj√§rteland!	0	hj√§rteland
24	1592391451455156224	@nationalist_17 @YekbunAlp haha de verkade ju direkt veta att det var PKK/PYD innan polisf√∂rh√∂ren.	2	nationalist
25	1592220192070828032	@Krakel_ Enligt S√∂der kan man inte √§lska sitt land utan att vara nationalist, men man kan ju undra hur han t√§nker om de partikamrater som gick i exil i Ungern.	0	nationalist
26	1592289873368682497	Erika Alm, docent i genusvetenskap forskar med bla Pia Laskar, Diana Mulinari, Lena Martinsson. Art skicka fram Alm som samverkar med forskare kopplade till Antirasistiska Akademin (ArA) cellen MMRK att f√∂rsvara cancelkulturen var talande @goteborgsuni twitter.com/jonas_hinnfors‚Ä¶	0	genusvetenskap
27	1566901263509471234	@kdriks Finns det hj√§rteland s√• finns det stj√§rteland! R√∂sta med r√∂ven!	0	hj√§rteland
28	1592476899690749953	@Patrik_E_7 @IngridEckerman En hatisk nationalist √§r dock f√∂r mig lika problematisk som vem som helst icke-nationell, d√§remot √§r det ett n√§rmare sl√§ktband den och mig emellan j√§mf√∂rt med t.ex. en invandrare. Samma g√§ller en familjemedlem. En hatisk sl√§kting √§r min fiende, fast sj√§len i dem, inte som person.	1	nationalist
29	1592165332311236608	@AnderssonUlla Det √§r ingen kostnad, typiskt v√§nsterpartister som tror sig ha r√§tten till andra m√§nniskors pengar, vem fan √§r du med dina 15 po√§ng genusvetenskap att diktera √∂ver hur mycket m√§nniskor ska f√• beh√•lla av SINA pengar?	1	genusvetenskap
30	1592280144873508865	@nationalist_17 @YekbunAlp Haha, nej Turkiet har absolut inget att vinna p√• att piska upp hatet mot den kurdiska befrielser√∂relsen, ingenting alls verkligen.  Och ja, poliser i Sverige, USA och Frankrike √§gnar sig ocks√• √•t tortyr, men dom brukar vara lite smartare med det.	0	nationalist
31	1592191714873298949	@anderslindberg Ja han √§r inte nationalist.	0	nationalist
32	1592628589551575040	@OlovEngqvist @Dykaren21 Inst√§mmer. Han √§r en kurdisk nationalist, svensk anti-nationalist och jourhavande desinformat√∂r. Att folk betalar f√∂r att se och lyssna p√• honom har jag sv√•rt att f√∂rst√•.	0	nationalist
33	1592424208629657600	@MrWaternooze Var Elsa Widding nationalist tidigare eller r√•kade hon bli det n√§r hon uppt√§ckte att det i princip bara var s.k. Sv√§rjev√§nner, f√∂rutom Ubbhultarn, som visade sig beredda att lyssna p√• henne?	0	nationalist
34	1591730326979616768	@CyberdemonTitan Ja. Men att p√•st√• att den normen skulle vara stark, speciellt i progressiva individualistiska Sverige, det √§r s√• korkat att man m√•ste pluggat m√•nga po√§ng genusvetenskap f√∂r att komma fram till det. Den normen √§r naturligtvis √§nnu starkare i l√§nder d√§r de traditionella  &gt;&gt;	1	genusvetenskap
35	1587463663509708803	I praktiken √§r det bara yttre artefakter som skiljer SD och NMR √•t, i grund och botten har de samma utopiska hj√§rteland bebodd med endast etniska svenskar som dyrkar sina folkdr√§kter och dalah√§star.  expo.se/2022/11/har-de‚Ä¶	1	hj√§rteland
36	1592173181745389575	"""Om s√•dant som triggervarningar och studenters f√∂rv√§ntningar p√• spr√•kbruk h√•lls det regelbundna seminarier."" @RebeccaSelberg, docent i sociologi och genusvetenskap vid Lunds universitet, om ministerns aviserade granskning av cancelkultur p√• universiteten. buff.ly/3USmmDt"	0	genusvetenskap
37	1550461603807731713	@BjornEnjebo @KristerThelin @martastenevi Ja, k√§nner samma sak. Har varit helt vilsen inf√∂r valet. Som att v√§lja mellan lutfisk och surstr√∂mming. Men s√• kommer denna mobbing som en sk√§nk fr√•n ovan. Denna p√∂belmentalitet. Snack om hj√§rteland och subventioner f√∂r campingfolket etc. Tack f√∂r hj√§lpen.	0	hj√§rteland
38	1592804649589157889	Ser ni paniken hos det kriminella anhanget?N√•gon???N√•gon h√§r som v√•gar st√§lla sig upp i v√•r RD och tala om f√∂r de kriminella g√§ngen som styr d√§r:NOG NU!!!‚ÄùEr kriminella ideologi‚Äù ‚Äì nationalist skr√§mde iv√§g Nederl√§ndernas globalistregering ‚Äì SwebbTV nyheter.swebbtv.se/er-kriminella-‚Ä¶	1	nationalist
39	1591384438692515841	@flodmotorgrodan @johangillman Du f√•r sv√§va ut i dina tankeg√•ngar kring v√§nstern, genusvetenskap och svenska h√∂gskolor b√§st du vill, faktum kvarst√•r https://t.co/n4hb6QA9gp	0	genusvetenskap
40	1592797981824421888	@ErenmalmLeo ‚Ä¶och gl√∂m inte, de √§r ju l√•ngt mer f√∂rnekande n√§r det g√§ller samh√§lls- och beteendevetenskaperna, som √§n mer utg√∂r hot mot den reaktion√§ra v√§rldsbilden. T√§nk tex hatet mot genusvetenskap, eller kriminologi. F√∂rnekandet av naturvetenskaperna √§r snarare ett nytt fenomen.	0	genusvetenskap
41	1592285615042621441	@Volvomannen2022 En av dem hade pluggat genusvetenskap üòÇ skrev att det inte var s√• konstigt att hon inte kunde spara n√•gra pengar	0	genusvetenskap
42	1495472106301272069	@beckmansasikter Ibland f√•r jag f√∂r mig att svenska h√∂gern √§r ersatt med amerikanska republikaner som k√∂r google translate. F√∂rst hj√§rteland och nu socialism skr√§ck.	0	hj√§rteland
43	1568942427024637954	@trissemisse finns det hj√§rteland s√• finns det stj√§rteland	0	hj√§rteland
44	1592788339504992256	"@ErenmalmLeo - En oansvarig invandringspolitik som g√•tt ut √∂ver svaga, inte s√§llan l√•gutbildade, i samh√§llet?  - Hyckleriet bland m√•nga ""goda"" m√§nniskor?  - Tappat f√∂rtroende f√∂r vetenskap pga av all kvasivetenskaplig mumbojumbo som dykt upp p√• universiteten. Ex genusvetenskap mm?"	1	genusvetenskap
